Workbook

Sheet Organization
A1: id | B1: name

Sheet League
A1: id | B1: organization_id | C1: name | D1: description | E1: status

Sheet Division
A1: id | B1: league_id | C1: name | D1: level

Sheet Competition
A1: id | B1: league_id | C1: division_id | D1: name | E1: type

Sheet Season
A1: id | B1: competition_id | C1: name | D1: start_date | E1: end_date | F1: status

Sheet Team
A1: id | B1: name | C1: short_name | D1: logo_url | E1: description | F1: TeamWins | G1: TeamLosses | H1: TeamTies | I1: TeamOTL | J1: TeamSOL | K1: GoalsFor | L1: GoalsAgainst | M1: GoalDifference | N1: GamesPlayedTeam | O1: WinPercentage | P1: StandingsPoints | Q1: StandingsRank
A2: 1 | B2: Amsterdam Tigers | C2: AMS
A3: 2 | B3: Heerenveen Flyers | C3: HEE
A4: 3 | B4: Tilburg Trappers | C4: TIL

Sheet TeamSeason
A1: id | B1: team_id | C1: season_id | D1: division_id | E1: status | F1: TeamSeasonWins | G1: TeamSeasonLosses | H1: TeamSeasonGoalsFor | I1: TeamSeasonGoalsAgainst | J1: TeamSeasonGoalDifference

Sheet Player
A1: id | B1: name | C1: first_name | D1: last_name | E1: position | F1: jersey_number | G1: date_of_birth | H1: nationality | I1: photo_url | J1: bio | K1: status | L1: person_id | M1: GamesPlayed | N1: Goals | O1: Assists | P1: Points | Q1: PlusMinus | R1: GoalsPerGame | S1: AssistsPerGame | T1: PointsPerGame
A2: 1 | C2: John | D2: Doe | E2: F | F2: 10
A3: 2 | C3: Jane | D3: Smith | E3: D | F3: 22
A4: 3 | C4: Mike | D4: Johnson | E4: F | F4: 91
A5: 4 | C5: Tom | D5: Williams | E5: G | F5: 31

Sheet PlayerTeam
A1: id | B1: player_id | C1: team_id | D1: start_date | E1: end_date | F1: status
B2: 1 | C2: 1
B3: 2 | C3: 1
B4: 3 | C4: 2
B5: 4 | C5: 3

Sheet PlayerSeason
A1: id | B1: player_id | C1: season_id | D1: team_id | E1: PlayerSeasonGoals | F1: PlayerSeasonAssists | G1: PlayerSeasonPoints | H1: PlayerSeasonGames

Sheet Position
A1: id | B1: code | C1: name

Sheet Location
A1: id | B1: name | C1: address | D1: city | E1: country

Sheet Game
A1: id | B1: season_id | C1: home_team_id | D1: away_team_id | E1: date | F1: location_id | G1: team_score | H1: opponent_score | I1: is_final | J1: is_overtime | K1: is_shootout | L1: shots_for | M1: shots_against | N1: video_url | O1: status | P1: GoalCount | Q1: GoalsAgainst | R1: ShootingPercentage | S1: SavePercentage | T1: PowerPlayGoals | U1: ShortHandedGoals
A2: 1 | C2: 1 | D2: 2 | E2: 2024-10-01 | G2: 3 | H2: 2 | I2: TRUE | O2: FINAL
A3: 2 | C3: 3 | D3: 1 | E3: 2024-10-08 | G3: 1 | H3: 4 | I3: TRUE | O3: FINAL
A4: 3 | C4: 2 | D4: 3 | E4: 2024-10-15 | G4: 2 | H4: 3 | I4: TRUE | O4: FINAL

Sheet GamePlayer
A1: id | B1: game_id | C1: player_id | D1: checked_in
B2: 1 | C2: 1
B3: 1 | C3: 2
B4: 1 | C4: 3
B5: 2 | C5: 1
B6: 2 | C6: 4
B7: 3 | C7: 3
B8: 3 | C8: 4

Sheet GoalEvent
A1: id | B1: game_id | C1: scorer_player_id | D1: assist_player_id | E1: assist2_player_id | F1: is_power_play | G1: is_short_handed | H1: period | I1: time
A2: 1 | B2: 1 | C2: 1 | D2: 2 | H2: 1
A3: 2 | B3: 1 | C3: 1 | H3: 2
A4: 3 | B4: 1 | C4: 3 | H4: 3
A5: 4 | B5: 2 | C5: 1 | D5: 2 | H5: 1

Sheet Penalty
A1: id | B1: game_id | C1: player_id | D1: penalty_type | E1: period | F1: duration

Sheet ShotEvent
A1: id | B1: game_id | C1: player_id | D1: goalie_id | E1: period | F1: time | G1: x_coordinate | H1: y_coordinate | I1: shot_type | J1: result

Sheet GamePeriod
A1: id | B1: game_id | C1: period_number | D1: status

Sheet GoalieAppearance
A1: id | B1: game_id | C1: player_id | D1: shots_against | E1: saves | F1: goals_against | G1: time_on_ice_minutes | H1: decision

Sheet PlayerGameStats
A1: id | B1: game_id | C1: player_id | D1: goals | E1: assists | F1: points | G1: plus_minus

Sheet TeamGameStats
A1: id | B1: game_id | C1: shots_for | D1: shots_against | E1: goals_for | F1: goals_against | G1: power_play_opportunities | H1: penalty_kill_opportunities

Sheet Tournament
A1: is_public | B1: id | C1: name | D1: description | E1: status | F1: start_date | G1: end_date

Sheet TournamentDivision
A1: id

Sheet TournamentPool
A1: id | B1: tournament_id | C1: name

Sheet TournamentTeam
A1: id | B1: tournament_id | C1: team_id

Sheet TournamentPlayer
A1: id | B1: tournament_id | C1: player_id

Sheet TournamentGame
A1: id | B1: tournament_id | C1: home_team_id | D1: away_team_id | E1: date | F1: status | G1: division_id | H1: game_type | I1: away_score

Sheet TournamentGoalEvent
A1: id | B1: game_id | C1: scorer_player_id

Sheet TournamentPenalty
A1: id | B1: game_id | C1: player_id | D1: penalty_type

Sheet Schedule
A1: id | B1: season_id | C1: home_team_id | D1: away_team_id

Sheet GameOfficial
A1: id | B1: game_id | C1: official_id

Sheet Official
A1: id | B1: name | C1: role | D1: person_id

Sheet Contract
A1: id | B1: player_id | C1: team_id | D1: start_date | E1: end_date | F1: status

Sheet Transfer
A1: id | B1: player_id | C1: from_team_id | D1: to_team_id | E1: date | F1: status

Sheet Trade
A1: id | B1: date | C1: status | D1: description

Sheet Draft
A1: id | B1: season_id | C1: name | D1: status

Sheet DraftPick
A1: id | B1: draft_id | C1: team_id | D1: player_id | E1: round | F1: pick_number

Sheet Salary
A1: id | B1: player_id | C1: team_id | D1: season_id | E1: amount

Sheet SalaryCap
A1: id | B1: season_id | C1: amount

Sheet Award
A1: id | B1: name | C1: description | D1: type

Sheet AwardResult
A1: id | B1: award_id | C1: player_id | D1: team_id | E1: season_id

Sheet Achievement
A1: id | B1: name | C1: description

Sheet PlayerAchievement
A1: id | B1: player_id | C1: achievement_id | D1: season_id | E1: earned_at

Sheet TeamAchievement
A1: id | B1: team_id | C1: achievement_id | D1: season_id | E1: earned_at

Sheet AllStarEvent
A1: id | B1: name | C1: season_id | D1: date

Sheet AllStarSelection
A1: id | B1: event_id | C1: player_id | D1: position

Sheet Training
A1: id | B1: team_id | C1: season_id | D1: location_id | E1: date

Sheet TrainingParticipant
A1: id | B1: training_id | C1: player_id | D1: status

Sheet Equipment
A1: id | B1: name | C1: type | D1: description

Sheet PlayerEquipment
A1: id | B1: player_id | C1: equipment_id | D1: start_date | E1: end_date

Sheet ScoutingReport
A1: id | B1: player_id | C1: author_user_id | D1: date | E1: content

Sheet PlayerRating
A1: id | B1: player_id | C1: rater_user_id | D1: rating | E1: date

Sheet NewsArticle
A1: id | B1: title | C1: content | D1: author_user_id | E1: published_at | F1: status

Sheet Sponsor
A1: id | B1: name | C1: website | D1: logo_url

Sheet TeamSponsor
A1: id | B1: team_id | C1: sponsor_id | D1: start_date | E1: end_date

Sheet LeagueSponsor
A1: id | B1: league_id | C1: sponsor_id | D1: start_date | E1: end_date

Sheet User
A1: id | B1: username | C1: email | D1: role | E1: status | F1: person_id

Sheet UserTeam
A1: id | B1: user_id | C1: team_id

Sheet UserLeague
A1: id | B1: user_id | C1: league_id

Sheet Invitation
A1: id | B1: email | C1: role | D1: status | E1: expires_at

Sheet AuditLog
A1: id | B1: timestamp | C1: user_id | D1: action | E1: entity | F1: record_id | G1: reason

Sheet Notification
A1: id | B1: user_id | C1: type | D1: message | E1: read_at

Sheet RSVP
A1: id | B1: user_id | C1: event_type | D1: event_id | E1: status

Sheet Message
A1: id | B1: sender_user_id | C1: receiver_user_id | D1: content | E1: sent_at | F1: read_at

Sheet Person
A1: id | B1: first_name | C1: last_name | D1: date_of_birth | E1: nationality | F1: gender

Sheet Role
A1: id | B1: name

Sheet UserRole
A1: id | B1: user_id | C1: role_id

Sheet Permission
A1: id | B1: code

Sheet RolePermission
A1: id | B1: role_id | C1: permission_id

Sheet Staff
A1: id | B1: person_id | C1: role_type

Sheet StaffTeam
A1: id | B1: staff_id | C1: team_id | D1: season_id

Sheet Injury
A1: id | B1: person_id | C1: description | D1: injury_date | E1: expected_return

Sheet Suspension
A1: id | B1: person_id | C1: game_count

Sheet Standing
A1: id | B1: competition_id | C1: team_id | D1: points | E1: games_played

Sheet PlayoffSeries
A1: id

Sheet Ticket
A1: id

Sheet Faceoff
A1: id | B1: game_id | C1: x_coordinate | D1: y_coordinate | E1: won_by_player_id | F1: lost_by_player_id

Sheet Shift
A1: id | B1: game_id | C1: player_id | D1: start_time

Sheet Hit
A1: id

Sheet Line
A1: id

Sheet TeamAffiliation
A1: id | B1: parent_team_id | C1: affiliate_team_id | D1: start_date | E1: end_date | F1: affiliation_type

Sheet Booking
A1: id

Sheet MediaAsset
A1: id

Sheet RetiredNumber
A1: id

Sheet StandingsTable
A1: RANK | B1: TEAM | C1: GP | D1: W | E1: L | F1: OT | G1: PTS | H1: P% | I1: RW | J1: ROW | K1: GF | L1: GA | M1: DIFF | N1: HOME | O1: AWAY | P1: S/O | Q1: L10 | R1: STRK
A2: =RANK(G2, G$2:G$4) | B2: =Team!B2 | C2: =COUNTIFS(Game!C:C, Team!A2, Game!I:I, TRUE) + COUNTIFS(Game!D:D, Team!A2, Game!I:I, TRUE) | D2: =SUMPRODUCT((Game!C:C=Team!A2)*(Game!I:I=TRUE)*(Game!G:G>Game!H:H)) + SUMPRODUCT((Game!D:D=Team!A2)*(Game!I:I=TRUE)*(Game!H:H>Game!G:G)) | E2: =SUMPRODUCT((Game!C:C=Team!A2)*(Game!I:I=TRUE)*(Game!G:G<Game!H:H)) + SUMPRODUCT((Game!D:D=Team!A2)*(Game!I:I=TRUE)*(Game!H:H<Game!G:G)) | G2: =((SUMPRODUCT((Game!C:C=Team!A2)*(Game!I:I=TRUE)*(Game!G:G>Game!H:H)) + SUMPRODUCT((Game!D:D=Team!A2)*(Game!I:I=TRUE)*(Game!H:H>Game!G:G))) * 3) | K2: =SUMIFS(Game!G:G, Game!C:C, Team!A2) + SUMIFS(Game!H:H, Game!D:D, Team!A2) | L2: =SUMIFS(Game!H:H, Game!C:C, Team!A2) + SUMIFS(Game!G:G, Game!D:D, Team!A2) | M2: =K2 - L2
A3: =RANK(G3, G$2:G$4) | B3: =Team!B3 | C3: =COUNTIFS(Game!C:C, Team!A3, Game!I:I, TRUE) + COUNTIFS(Game!D:D, Team!A3, Game!I:I, TRUE) | D3: =SUMPRODUCT((Game!C:C=Team!A3)*(Game!I:I=TRUE)*(Game!G:G>Game!H:H)) + SUMPRODUCT((Game!D:D=Team!A3)*(Game!I:I=TRUE)*(Game!H:H>Game!G:G)) | E3: =SUMPRODUCT((Game!C:C=Team!A3)*(Game!I:I=TRUE)*(Game!G:G<Game!H:H)) + SUMPRODUCT((Game!D:D=Team!A3)*(Game!I:I=TRUE)*(Game!H:H<Game!G:G)) | G3: =((SUMPRODUCT((Game!C:C=Team!A3)*(Game!I:I=TRUE)*(Game!G:G>Game!H:H)) + SUMPRODUCT((Game!D:D=Team!A3)*(Game!I:I=TRUE)*(Game!H:H>Game!G:G))) * 3) | K3: =SUMIFS(Game!G:G, Game!C:C, Team!A3) + SUMIFS(Game!H:H, Game!D:D, Team!A3) | L3: =SUMIFS(Game!H:H, Game!C:C, Team!A3) + SUMIFS(Game!G:G, Game!D:D, Team!A3) | M3: =K3 - L3
A4: =RANK(G4, G$2:G$4) | B4: =Team!B4 | C4: =COUNTIFS(Game!C:C, Team!A4, Game!I:I, TRUE) + COUNTIFS(Game!D:D, Team!A4, Game!I:I, TRUE) | D4: =SUMPRODUCT((Game!C:C=Team!A4)*(Game!I:I=TRUE)*(Game!G:G>Game!H:H)) + SUMPRODUCT((Game!D:D=Team!A4)*(Game!I:I=TRUE)*(Game!H:H>Game!G:G)) | E4: =SUMPRODUCT((Game!C:C=Team!A4)*(Game!I:I=TRUE)*(Game!G:G<Game!H:H)) + SUMPRODUCT((Game!D:D=Team!A4)*(Game!I:I=TRUE)*(Game!H:H<Game!G:G)) | G4: =((SUMPRODUCT((Game!C:C=Team!A4)*(Game!I:I=TRUE)*(Game!G:G>Game!H:H)) + SUMPRODUCT((Game!D:D=Team!A4)*(Game!I:I=TRUE)*(Game!H:H>Game!G:G))) * 3) | K4: =SUMIFS(Game!G:G, Game!C:C, Team!A4) + SUMIFS(Game!H:H, Game!D:D, Team!A4) | L4: =SUMIFS(Game!H:H, Game!C:C, Team!A4) + SUMIFS(Game!G:G, Game!D:D, Team!A4) | M4: =K4 - L4

Sheet PlayerStatsTable
A1: RK | B1: Player | C1: Team | D1: GP | E1: G | F1: A | G1: PTS | H1: PIM
A2: =RANK(G2, G$2:G$5) | B2: =Player!C2 & " " & Player!D2 | E2: =COUNTIFS(GoalEvent!C:C, Player!A2) | F2: =COUNTIFS(GoalEvent!D:D, Player!A2) | G2: =E2 + F2
A3: =RANK(G3, G$2:G$5) | B3: =Player!C3 & " " & Player!D3 | E3: =COUNTIFS(GoalEvent!C:C, Player!A3) | F3: =COUNTIFS(GoalEvent!D:D, Player!A3) | G3: =E3 + F3
A4: =RANK(G4, G$2:G$5) | B4: =Player!C4 & " " & Player!D4 | E4: =COUNTIFS(GoalEvent!C:C, Player!A4) | F4: =COUNTIFS(GoalEvent!D:D, Player!A4) | G4: =E4 + F4
A5: =RANK(G5, G$2:G$5) | B5: =Player!C5 & " " & Player!D5 | E5: =COUNTIFS(GoalEvent!C:C, Player!A5) | F5: =COUNTIFS(GoalEvent!D:D, Player!A5) | G5: =E5 + F5

Sheet GoalieStatsTable
A1: RK | B1: Player | C1: Team | D1: GP | E1: W | F1: L | G1: GAA | H1: SV% | I1: SO

Sheet TeamStatsTable
A1: RK | B1: Franchise | C1: GP | D1: W | E1: L | F1: OTL | G1: GF | H1: GA | I1: GD | J1: PP% | K1: PK% | L1: PTS
